dimensions.code,dimensions.label,land,land_code,fylke,fylke_code,kommune,kommune_code,bydel,bydel_code,region_code,region_navn,region_level
GEO,Geografi,Hele landet,0,,,,,,,0,Hele landet,land
GEO,Geografi,Hele landet,0,Oslo,03,,,,,03,Oslo,fylke
GEO,Geografi,Hele landet,0,Oslo,03,Oslo,0301,,,0301,Oslo,kommune
GEO,Geografi,Hele landet,0,Oslo,03,Oslo,0301,Bydel Gamle Oslo,030101,030101,Bydel Gamle Oslo,bydel
GEO,Geografi,Hele landet,0,Oslo,03,Oslo,0301,Bydel Grünerløkka,030102,030102,Bydel Grünerløkka,bydel
GEO,Geografi,Hele landet,0,Oslo,03,Oslo,0301,Bydel Sagene,030103,030103,Bydel Sagene,bydel
GEO,Geografi,Hele landet,0,Oslo,03,Oslo,0301,Bydel St. Hanshaugen,030104,030104,Bydel St. Hanshaugen,bydel
GEO,Geografi,Hele landet,0,Oslo,03,Oslo,0301,Bydel Frogner,030105,030105,Bydel Frogner,bydel
GEO,Geografi,Hele landet,0,Oslo,03,Oslo,0301,Bydel Ullern,030106,030106,Bydel Ullern,bydel
GEO,Geografi,Hele landet,0,Oslo,03,Oslo,0301,Bydel Vestre Aker,030107,030107,Bydel Vestre Aker,bydel
GEO,Geografi,Hele landet,0,Oslo,03,Oslo,0301,Bydel Nordre Aker,030108,030108,Bydel Nordre Aker,bydel
GEO,Geografi,Hele landet,0,Oslo,03,Oslo,0301,Bydel Bjerke,030109,030109,Bydel Bjerke,bydel
GEO,Geografi,Hele landet,0,Oslo,03,Oslo,0301,Bydel Grorud,030110,030110,Bydel Grorud,bydel
GEO,Geografi,Hele landet,0,Oslo,03,Oslo,0301,Bydel Stovner,030111,030111,Bydel Stovner,bydel
GEO,Geografi,Hele landet,0,Oslo,03,Oslo,0301,Bydel Alna,030112,030112,Bydel Alna,bydel
GEO,Geografi,Hele landet,0,Oslo,03,Oslo,0301,Bydel Østensjø,030113,030113,Bydel Østensjø,bydel
GEO,Geografi,Hele landet,0,Oslo,03,Oslo,0301,Bydel Nordstrand,030114,030114,Bydel Nordstrand,bydel
GEO,Geografi,Hele landet,0,Oslo,03,Oslo,0301,Bydel Søndre Nordstrand,030115,030115,Bydel Søndre Nordstrand,bydel
GEO,Geografi,Hele landet,0,Rogaland,11,,,,,11,Rogaland,fylke
GEO,Geografi,Hele landet,0,Rogaland,11,Eigersund,1101,,,1101,Eigersund,kommune
GEO,Geografi,Hele landet,0,Rogaland,11,Stavanger,1103,,,1103,Stavanger,kommune
GEO,Geografi,Hele landet,0,Rogaland,11,Stavanger,1103,Hundvåg kommunedel,110301,110301,Hundvåg kommunedel,bydel
GEO,Geografi,Hele landet,0,Rogaland,11,Stavanger,1103,Tasta kommunedel,110302,110302,Tasta kommunedel,bydel
GEO,Geografi,Hele landet,0,Rogaland,11,Stavanger,1103,Eiganes og Våland,110303,110303,Eiganes og Våland,bydel
GEO,Geografi,Hele landet,0,Rogaland,11,Stavanger,1103,Madla kommunedel,110304,110304,Madla kommunedel,bydel
GEO,Geografi,Hele landet,0,Rogaland,11,Stavanger,1103,Storhaug kommunedel,110305,110305,Storhaug kommunedel,bydel
GEO,Geografi,Hele landet,0,Rogaland,11,Stavanger,1103,Hillevåg kommunedel,110306,110306,Hillevåg kommunedel,bydel
GEO,Geografi,Hele landet,0,Rogaland,11,Stavanger,1103,Hinna kommunedel,110307,110307,Hinna kommunedel,bydel
GEO,Geografi,Hele landet,0,Rogaland,11,Stavanger,1103,Finnøy kommunedel,110308,110308,Finnøy kommunedel,bydel
GEO,Geografi,Hele landet,0,Rogaland,11,Stavanger,1103,Rennesøy kommunedel,110309,110309,Rennesøy kommunedel,bydel
GEO,Geografi,Hele landet,0,Rogaland,11,Haugesund,1106,,,1106,Haugesund,kommune
GEO,Geografi,Hele landet,0,Rogaland,11,Sandnes,1108,,,1108,Sandnes,kommune
GEO,Geografi,Hele landet,0,Rogaland,11,Sokndal,1111,,,1111,Sokndal,kommune
GEO,Geografi,Hele landet,0,Rogaland,11,Lund,1112,,,1112,Lund,kommune
GEO,Geografi,Hele landet,0,Rogaland,11,Bjerkreim,1114,,,1114,Bjerkreim,kommune
GEO,Geografi,Hele landet,0,Rogaland,11,Hå,1119,,,1119,Hå,kommune
GEO,Geografi,Hele landet,0,Rogaland,11,Klepp,1120,,,1120,Klepp,kommune
GEO,Geografi,Hele landet,0,Rogaland,11,Time,1121,,,1121,Time,kommune
GEO,Geografi,Hele landet,0,Rogaland,11,Gjesdal,1122,,,1122,Gjesdal,kommune
GEO,Geografi,Hele landet,0,Rogaland,11,Sola,1124,,,1124,Sola,kommune
GEO,Geografi,Hele landet,0,Rogaland,11,Randaberg,1127,,,1127,Randaberg,kommune
GEO,Geografi,Hele landet,0,Rogaland,11,Strand,1130,,,1130,Strand,kommune
GEO,Geografi,Hele landet,0,Rogaland,11,Hjelmeland,1133,,,1133,Hjelmeland,kommune
GEO,Geografi,Hele landet,0,Rogaland,11,Suldal,1134,,,1134,Suldal,kommune
GEO,Geografi,Hele landet,0,Rogaland,11,Sauda,1135,,,1135,Sauda,kommune
GEO,Geografi,Hele landet,0,Rogaland,11,Kvitsøy,1144,,,1144,Kvitsøy,kommune
GEO,Geografi,Hele landet,0,Rogaland,11,Bokn,1145,,,1145,Bokn,kommune
GEO,Geografi,Hele landet,0,Rogaland,11,Tysvær,1146,,,1146,Tysvær,kommune
GEO,Geografi,Hele landet,0,Rogaland,11,Karmøy,1149,,,1149,Karmøy,kommune
GEO,Geografi,Hele landet,0,Rogaland,11,Utsira,1151,,,1151,Utsira,kommune
GEO,Geografi,Hele landet,0,Rogaland,11,Vindafjord,1160,,,1160,Vindafjord,kommune
GEO,Geografi,Hele landet,0,Møre og Romsdal,15,,,,,15,Møre og Romsdal,fylke
GEO,Geografi,Hele landet,0,Møre og Romsdal,15,Kristiansund,1505,,,1505,Kristiansund,kommune
GEO,Geografi,Hele landet,0,Møre og Romsdal,15,Molde,1506,,,1506,Molde,kommune
GEO,Geografi,Hele landet,0,Møre og Romsdal,15,Ålesund,1508,,,1508,Ålesund,kommune
GEO,Geografi,Hele landet,0,Møre og Romsdal,15,Vanylven,1511,,,1511,Vanylven,kommune
GEO,Geografi,Hele landet,0,Møre og Romsdal,15,Sande,1514,,,1514,Sande,kommune
GEO,Geografi,Hele landet,0,Møre og Romsdal,15,Herøy (Møre og Romsdal),1515,,,1515,Herøy (Møre og Romsdal),kommune
GEO,Geografi,Hele landet,0,Møre og Romsdal,15,Ulstein,1516,,,1516,Ulstein,kommune
GEO,Geografi,Hele landet,0,Møre og Romsdal,15,Hareid,1517,,,1517,Hareid,kommune
GEO,Geografi,Hele landet,0,Møre og Romsdal,15,Ørsta,1520,,,1520,Ørsta,kommune
GEO,Geografi,Hele landet,0,Møre og Romsdal,15,Stranda,1525,,,1525,Stranda,kommune
GEO,Geografi,Hele landet,0,Møre og Romsdal,15,Sykkylven,1528,,,1528,Sykkylven,kommune
GEO,Geografi,Hele landet,0,Møre og Romsdal,15,Sula,1531,,,1531,Sula,kommune
GEO,Geografi,Hele landet,0,Møre og Romsdal,15,Giske,1532,,,1532,Giske,kommune
GEO,Geografi,Hele landet,0,Møre og Romsdal,15,Vestnes,1535,,,1535,Vestnes,kommune
GEO,Geografi,Hele landet,0,Møre og Romsdal,15,Rauma,1539,,,1539,Rauma,kommune
GEO,Geografi,Hele landet,0,Møre og Romsdal,15,Aukra,1547,,,1547,Aukra,kommune
GEO,Geografi,Hele landet,0,Møre og Romsdal,15,Averøy,1554,,,1554,Averøy,kommune
GEO,Geografi,Hele landet,0,Møre og Romsdal,15,Gjemnes,1557,,,1557,Gjemnes,kommune
GEO,Geografi,Hele landet,0,Møre og Romsdal,15,Tingvoll,1560,,,1560,Tingvoll,kommune
GEO,Geografi,Hele landet,0,Møre og Romsdal,15,Sunndal,1563,,,1563,Sunndal,kommune
GEO,Geografi,Hele landet,0,Møre og Romsdal,15,Surnadal,1566,,,1566,Surnadal,kommune
GEO,Geografi,Hele landet,0,Møre og Romsdal,15,Smøla,1573,,,1573,Smøla,kommune
GEO,Geografi,Hele landet,0,Møre og Romsdal,15,Aure,1576,,,1576,Aure,kommune
GEO,Geografi,Hele landet,0,Møre og Romsdal,15,Volda,1577,,,1577,Volda,kommune
GEO,Geografi,Hele landet,0,Møre og Romsdal,15,Fjord,1578,,,1578,Fjord,kommune
GEO,Geografi,Hele landet,0,Møre og Romsdal,15,Hustadvika,1579,,,1579,Hustadvika,kommune
GEO,Geografi,Hele landet,0,Møre og Romsdal,15,Haram,1580,,,1580,Haram,kommune
GEO,Geografi,Hele landet,0,Nordland Nordlánnda,18,,,,,18,Nordland Nordlánnda,fylke
GEO,Geografi,Hele landet,0,Nordland Nordlánnda,18,Bodø,1804,,,1804,Bodø,kommune
GEO,Geografi,Hele landet,0,Nordland Nordlánnda,18,Narvik,1806,,,1806,Narvik,kommune
GEO,Geografi,Hele landet,0,Nordland Nordlánnda,18,Bindal,1811,,,1811,Bindal,kommune
GEO,Geografi,Hele landet,0,Nordland Nordlánnda,18,Sømna,1812,,,1812,Sømna,kommune
GEO,Geografi,Hele landet,0,Nordland Nordlánnda,18,Brønnøy,1813,,,1813,Brønnøy,kommune
GEO,Geografi,Hele landet,0,Nordland Nordlánnda,18,Vega,1815,,,1815,Vega,kommune
GEO,Geografi,Hele landet,0,Nordland Nordlánnda,18,Vevelstad,1816,,,1816,Vevelstad,kommune
GEO,Geografi,Hele landet,0,Nordland Nordlánnda,18,Herøy (Nordland),1818,,,1818,Herøy (Nordland),kommune
GEO,Geografi,Hele landet,0,Nordland Nordlánnda,18,Alstahaug,1820,,,1820,Alstahaug,kommune
GEO,Geografi,Hele landet,0,Nordland Nordlánnda,18,Leirfjord,1822,,,1822,Leirfjord,kommune
GEO,Geografi,Hele landet,0,Nordland Nordlánnda,18,Vefsn,1824,,,1824,Vefsn,kommune
GEO,Geografi,Hele landet,0,Nordland Nordlánnda,18,Grane,1825,,,1825,Grane,kommune
GEO,Geografi,Hele landet,0,Nordland Nordlánnda,18,Aarborte Hattfjelldal,1826,,,1826,Aarborte Hattfjelldal,kommune
GEO,Geografi,Hele landet,0,Nordland Nordlánnda,18,Dønna,1827,,,1827,Dønna,kommune
GEO,Geografi,Hele landet,0,Nordland Nordlánnda,18,Nesna,1828,,,1828,Nesna,kommune
GEO,Geografi,Hele landet,0,Nordland Nordlánnda,18,Hemnes,1832,,,1832,Hemnes,kommune
GEO,Geografi,Hele landet,0,Nordland Nordlánnda,18,Rana,1833,,,1833,Rana,kommune
GEO,Geografi,Hele landet,0,Nordland Nordlánnda,18,Lurøy,1834,,,1834,Lurøy,kommune
GEO,Geografi,Hele landet,0,Nordland Nordlánnda,18,Træna,1835,,,1835,Træna,kommune
GEO,Geografi,Hele landet,0,Nordland Nordlánnda,18,Rødøy,1836,,,1836,Rødøy,kommune
GEO,Geografi,Hele landet,0,Nordland Nordlánnda,18,Meløy,1837,,,1837,Meløy,kommune
GEO,Geografi,Hele landet,0,Nordland Nordlánnda,18,Gildeskål,1838,,,1838,Gildeskål,kommune
GEO,Geografi,Hele landet,0,Nordland Nordlánnda,18,Beiarn,1839,,,1839,Beiarn,kommune
GEO,Geografi,Hele landet,0,Nordland Nordlánnda,18,Saltdal,1840,,,1840,Saltdal,kommune
GEO,Geografi,Hele landet,0,Nordland Nordlánnda,18,Fauske Fuossko,1841,,,1841,Fauske Fuossko,kommune
GEO,Geografi,Hele landet,0,Nordland Nordlánnda,18,Sørfold,1845,,,1845,Sørfold,kommune
GEO,Geografi,Hele landet,0,Nordland Nordlánnda,18,Steigen,1848,,,1848,Steigen,kommune
GEO,Geografi,Hele landet,0,Nordland Nordlánnda,18,Lødingen,1851,,,1851,Lødingen,kommune
GEO,Geografi,Hele landet,0,Nordland Nordlánnda,18,Evenes Evenášši,1853,,,1853,Evenes Evenášši,kommune
GEO,Geografi,Hele landet,0,Nordland Nordlánnda,18,Røst,1856,,,1856,Røst,kommune
GEO,Geografi,Hele landet,0,Nordland Nordlánnda,18,Værøy,1857,,,1857,Værøy,kommune
GEO,Geografi,Hele landet,0,Nordland Nordlánnda,18,Flakstad,1859,,,1859,Flakstad,kommune
GEO,Geografi,Hele landet,0,Nordland Nordlánnda,18,Vestvågøy,1860,,,1860,Vestvågøy,kommune
GEO,Geografi,Hele landet,0,Nordland Nordlánnda,18,Vågan,1865,,,1865,Vågan,kommune
GEO,Geografi,Hele landet,0,Nordland Nordlánnda,18,Hadsel,1866,,,1866,Hadsel,kommune
GEO,Geografi,Hele landet,0,Nordland Nordlánnda,18,Bø,1867,,,1867,Bø,kommune
GEO,Geografi,Hele landet,0,Nordland Nordlánnda,18,Øksnes,1868,,,1868,Øksnes,kommune
GEO,Geografi,Hele landet,0,Nordland Nordlánnda,18,Sortland Suortá,1870,,,1870,Sortland Suortá,kommune
GEO,Geografi,Hele landet,0,Nordland Nordlánnda,18,Andøy,1871,,,1871,Andøy,kommune
GEO,Geografi,Hele landet,0,Nordland Nordlánnda,18,Moskenes,1874,,,1874,Moskenes,kommune
GEO,Geografi,Hele landet,0,Nordland Nordlánnda,18,Hábmer Hamarøy,1875,,,1875,Hábmer Hamarøy,kommune
GEO,Geografi,Hele landet,0,Østfold,31,,,,,31,Østfold,fylke
GEO,Geografi,Hele landet,0,Østfold,31,Halden,3101,,,3101,Halden,kommune
GEO,Geografi,Hele landet,0,Østfold,31,Moss,3103,,,3103,Moss,kommune
GEO,Geografi,Hele landet,0,Østfold,31,Sarpsborg,3105,,,3105,Sarpsborg,kommune
GEO,Geografi,Hele landet,0,Østfold,31,Fredrikstad,3107,,,3107,Fredrikstad,kommune
GEO,Geografi,Hele landet,0,Østfold,31,Hvaler,3110,,,3110,Hvaler,kommune
GEO,Geografi,Hele landet,0,Østfold,31,Råde,3112,,,3112,Råde,kommune
GEO,Geografi,Hele landet,0,Østfold,31,Våler (Østfold),3114,,,3114,Våler (Østfold),kommune
GEO,Geografi,Hele landet,0,Østfold,31,Skiptvet,3116,,,3116,Skiptvet,kommune
GEO,Geografi,Hele landet,0,Østfold,31,Indre Østfold,3118,,,3118,Indre Østfold,kommune
GEO,Geografi,Hele landet,0,Østfold,31,Rakkestad,3120,,,3120,Rakkestad,kommune
GEO,Geografi,Hele landet,0,Østfold,31,Marker,3122,,,3122,Marker,kommune
GEO,Geografi,Hele landet,0,Østfold,31,Aremark,3124,,,3124,Aremark,kommune
GEO,Geografi,Hele landet,0,Akershus,32,,,,,32,Akershus,fylke
GEO,Geografi,Hele landet,0,Akershus,32,Bærum,3201,,,3201,Bærum,kommune
GEO,Geografi,Hele landet,0,Akershus,32,Asker,3203,,,3203,Asker,kommune
GEO,Geografi,Hele landet,0,Akershus,32,Lillestrøm,3205,,,3205,Lillestrøm,kommune
GEO,Geografi,Hele landet,0,Akershus,32,Nordre Follo,3207,,,3207,Nordre Follo,kommune
GEO,Geografi,Hele landet,0,Akershus,32,Ullensaker,3209,,,3209,Ullensaker,kommune
GEO,Geografi,Hele landet,0,Akershus,32,Nesodden,3212,,,3212,Nesodden,kommune
GEO,Geografi,Hele landet,0,Akershus,32,Frogn,3214,,,3214,Frogn,kommune
GEO,Geografi,Hele landet,0,Akershus,32,Vestby,3216,,,3216,Vestby,kommune
GEO,Geografi,Hele landet,0,Akershus,32,Ås,3218,,,3218,Ås,kommune
GEO,Geografi,Hele landet,0,Akershus,32,Enebakk,3220,,,3220,Enebakk,kommune
GEO,Geografi,Hele landet,0,Akershus,32,Lørenskog,3222,,,3222,Lørenskog,kommune
GEO,Geografi,Hele landet,0,Akershus,32,Rælingen,3224,,,3224,Rælingen,kommune
GEO,Geografi,Hele landet,0,Akershus,32,Aurskog-Høland,3226,,,3226,Aurskog-Høland,kommune
GEO,Geografi,Hele landet,0,Akershus,32,Nes,3228,,,3228,Nes,kommune
GEO,Geografi,Hele landet,0,Akershus,32,Gjerdrum,3230,,,3230,Gjerdrum,kommune
GEO,Geografi,Hele landet,0,Akershus,32,Nittedal,3232,,,3232,Nittedal,kommune
GEO,Geografi,Hele landet,0,Akershus,32,Lunner,3234,,,3234,Lunner,kommune
GEO,Geografi,Hele landet,0,Akershus,32,Jevnaker,3236,,,3236,Jevnaker,kommune
GEO,Geografi,Hele landet,0,Akershus,32,Nannestad,3238,,,3238,Nannestad,kommune
GEO,Geografi,Hele landet,0,Akershus,32,Eidsvoll,3240,,,3240,Eidsvoll,kommune
GEO,Geografi,Hele landet,0,Akershus,32,Hurdal,3242,,,3242,Hurdal,kommune
GEO,Geografi,Hele landet,0,Buskerud,33,,,,,33,Buskerud,fylke
GEO,Geografi,Hele landet,0,Buskerud,33,Drammen,3301,,,3301,Drammen,kommune
GEO,Geografi,Hele landet,0,Buskerud,33,Kongsberg,3303,,,3303,Kongsberg,kommune
GEO,Geografi,Hele landet,0,Buskerud,33,Ringerike,3305,,,3305,Ringerike,kommune
GEO,Geografi,Hele landet,0,Buskerud,33,Hole,3310,,,3310,Hole,kommune
GEO,Geografi,Hele landet,0,Buskerud,33,Lier,3312,,,3312,Lier,kommune
GEO,Geografi,Hele landet,0,Buskerud,33,Øvre Eiker,3314,,,3314,Øvre Eiker,kommune
GEO,Geografi,Hele landet,0,Buskerud,33,Modum,3316,,,3316,Modum,kommune
GEO,Geografi,Hele landet,0,Buskerud,33,Krødsherad,3318,,,3318,Krødsherad,kommune
GEO,Geografi,Hele landet,0,Buskerud,33,Flå,3320,,,3320,Flå,kommune
GEO,Geografi,Hele landet,0,Buskerud,33,Nesbyen,3322,,,3322,Nesbyen,kommune
GEO,Geografi,Hele landet,0,Buskerud,33,Gol,3324,,,3324,Gol,kommune
GEO,Geografi,Hele landet,0,Buskerud,33,Hemsedal,3326,,,3326,Hemsedal,kommune
GEO,Geografi,Hele landet,0,Buskerud,33,Ål,3328,,,3328,Ål,kommune
GEO,Geografi,Hele landet,0,Buskerud,33,Hol,3330,,,3330,Hol,kommune
GEO,Geografi,Hele landet,0,Buskerud,33,Sigdal,3332,,,3332,Sigdal,kommune
GEO,Geografi,Hele landet,0,Buskerud,33,Flesberg,3334,,,3334,Flesberg,kommune
GEO,Geografi,Hele landet,0,Buskerud,33,Rollag,3336,,,3336,Rollag,kommune
GEO,Geografi,Hele landet,0,Buskerud,33,Nore og Uvdal,3338,,,3338,Nore og Uvdal,kommune
GEO,Geografi,Hele landet,0,Innlandet,34,,,,,34,Innlandet,fylke
GEO,Geografi,Hele landet,0,Innlandet,34,Kongsvinger,3401,,,3401,Kongsvinger,kommune
GEO,Geografi,Hele landet,0,Innlandet,34,Hamar,3403,,,3403,Hamar,kommune
GEO,Geografi,Hele landet,0,Innlandet,34,Lillehammer,3405,,,3405,Lillehammer,kommune
GEO,Geografi,Hele landet,0,Innlandet,34,Gjøvik,3407,,,3407,Gjøvik,kommune
GEO,Geografi,Hele landet,0,Innlandet,34,Ringsaker,3411,,,3411,Ringsaker,kommune
GEO,Geografi,Hele landet,0,Innlandet,34,Løten,3412,,,3412,Løten,kommune
GEO,Geografi,Hele landet,0,Innlandet,34,Stange,3413,,,3413,Stange,kommune
GEO,Geografi,Hele landet,0,Innlandet,34,Nord-Odal,3414,,,3414,Nord-Odal,kommune
GEO,Geografi,Hele landet,0,Innlandet,34,Sør-Odal,3415,,,3415,Sør-Odal,kommune
GEO,Geografi,Hele landet,0,Innlandet,34,Eidskog,3416,,,3416,Eidskog,kommune
GEO,Geografi,Hele landet,0,Innlandet,34,Grue,3417,,,3417,Grue,kommune
GEO,Geografi,Hele landet,0,Innlandet,34,Åsnes,3418,,,3418,Åsnes,kommune
GEO,Geografi,Hele landet,0,Innlandet,34,Våler (Innlandet),3419,,,3419,Våler (Innlandet),kommune
GEO,Geografi,Hele landet,0,Innlandet,34,Elverum,3420,,,3420,Elverum,kommune
GEO,Geografi,Hele landet,0,Innlandet,34,Trysil,3421,,,3421,Trysil,kommune
GEO,Geografi,Hele landet,0,Innlandet,34,Åmot,3422,,,3422,Åmot,kommune
GEO,Geografi,Hele landet,0,Innlandet,34,Stor-Elvdal,3423,,,3423,Stor-Elvdal,kommune
GEO,Geografi,Hele landet,0,Innlandet,34,Rendalen,3424,,,3424,Rendalen,kommune
GEO,Geografi,Hele landet,0,Innlandet,34,Engerdal,3425,,,3425,Engerdal,kommune
GEO,Geografi,Hele landet,0,Innlandet,34,Tolga,3426,,,3426,Tolga,kommune
GEO,Geografi,Hele landet,0,Innlandet,34,Tynset,3427,,,3427,Tynset,kommune
GEO,Geografi,Hele landet,0,Innlandet,34,Alvdal,3428,,,3428,Alvdal,kommune
GEO,Geografi,Hele landet,0,Innlandet,34,Folldal,3429,,,3429,Folldal,kommune
GEO,Geografi,Hele landet,0,Innlandet,34,Os,3430,,,3430,Os,kommune
GEO,Geografi,Hele landet,0,Innlandet,34,Dovre,3431,,,3431,Dovre,kommune
GEO,Geografi,Hele landet,0,Innlandet,34,Lesja,3432,,,3432,Lesja,kommune
GEO,Geografi,Hele landet,0,Innlandet,34,Skjåk,3433,,,3433,Skjåk,kommune
GEO,Geografi,Hele landet,0,Innlandet,34,Lom,3434,,,3434,Lom,kommune
GEO,Geografi,Hele landet,0,Innlandet,34,Vågå,3435,,,3435,Vågå,kommune
GEO,Geografi,Hele landet,0,Innlandet,34,Nord-Fron,3436,,,3436,Nord-Fron,kommune
GEO,Geografi,Hele landet,0,Innlandet,34,Sel,3437,,,3437,Sel,kommune
GEO,Geografi,Hele landet,0,Innlandet,34,Sør-Fron,3438,,,3438,Sør-Fron,kommune
GEO,Geografi,Hele landet,0,Innlandet,34,Ringebu,3439,,,3439,Ringebu,kommune
GEO,Geografi,Hele landet,0,Innlandet,34,Øyer,3440,,,3440,Øyer,kommune
GEO,Geografi,Hele landet,0,Innlandet,34,Gausdal,3441,,,3441,Gausdal,kommune
GEO,Geografi,Hele landet,0,Innlandet,34,Østre Toten,3442,,,3442,Østre Toten,kommune
GEO,Geografi,Hele landet,0,Innlandet,34,Vestre Toten,3443,,,3443,Vestre Toten,kommune
GEO,Geografi,Hele landet,0,Innlandet,34,Gran,3446,,,3446,Gran,kommune
GEO,Geografi,Hele landet,0,Innlandet,34,Søndre Land,3447,,,3447,Søndre Land,kommune
GEO,Geografi,Hele landet,0,Innlandet,34,Nordre Land,3448,,,3448,Nordre Land,kommune
GEO,Geografi,Hele landet,0,Innlandet,34,Sør-Aurdal,3449,,,3449,Sør-Aurdal,kommune
GEO,Geografi,Hele landet,0,Innlandet,34,Etnedal,3450,,,3450,Etnedal,kommune
GEO,Geografi,Hele landet,0,Innlandet,34,Nord-Aurdal,3451,,,3451,Nord-Aurdal,kommune
GEO,Geografi,Hele landet,0,Innlandet,34,Vestre Slidre,3452,,,3452,Vestre Slidre,kommune
GEO,Geografi,Hele landet,0,Innlandet,34,Øystre Slidre,3453,,,3453,Øystre Slidre,kommune
GEO,Geografi,Hele landet,0,Innlandet,34,Vang,3454,,,3454,Vang,kommune
GEO,Geografi,Hele landet,0,Vestfold,39,,,,,39,Vestfold,fylke
GEO,Geografi,Hele landet,0,Vestfold,39,Horten,3901,,,3901,Horten,kommune
GEO,Geografi,Hele landet,0,Vestfold,39,Holmestrand,3903,,,3903,Holmestrand,kommune
GEO,Geografi,Hele landet,0,Vestfold,39,Tønsberg,3905,,,3905,Tønsberg,kommune
GEO,Geografi,Hele landet,0,Vestfold,39,Sandefjord,3907,,,3907,Sandefjord,kommune
GEO,Geografi,Hele landet,0,Vestfold,39,Larvik,3909,,,3909,Larvik,kommune
GEO,Geografi,Hele landet,0,Vestfold,39,Færder,3911,,,3911,Færder,kommune
GEO,Geografi,Hele landet,0,Telemark,40,,,,,40,Telemark,fylke
GEO,Geografi,Hele landet,0,Telemark,40,Porsgrunn,4001,,,4001,Porsgrunn,kommune
GEO,Geografi,Hele landet,0,Telemark,40,Skien,4003,,,4003,Skien,kommune
GEO,Geografi,Hele landet,0,Telemark,40,Notodden,4005,,,4005,Notodden,kommune
GEO,Geografi,Hele landet,0,Telemark,40,Siljan,4010,,,4010,Siljan,kommune
GEO,Geografi,Hele landet,0,Telemark,40,Bamble,4012,,,4012,Bamble,kommune
GEO,Geografi,Hele landet,0,Telemark,40,Kragerø,4014,,,4014,Kragerø,kommune
GEO,Geografi,Hele landet,0,Telemark,40,Drangedal,4016,,,4016,Drangedal,kommune
GEO,Geografi,Hele landet,0,Telemark,40,Nome,4018,,,4018,Nome,kommune
GEO,Geografi,Hele landet,0,Telemark,40,Midt-Telemark,4020,,,4020,Midt-Telemark,kommune
GEO,Geografi,Hele landet,0,Telemark,40,Seljord,4022,,,4022,Seljord,kommune
GEO,Geografi,Hele landet,0,Telemark,40,Hjartdal,4024,,,4024,Hjartdal,kommune
GEO,Geografi,Hele landet,0,Telemark,40,Tinn,4026,,,4026,Tinn,kommune
GEO,Geografi,Hele landet,0,Telemark,40,Kviteseid,4028,,,4028,Kviteseid,kommune
GEO,Geografi,Hele landet,0,Telemark,40,Nissedal,4030,,,4030,Nissedal,kommune
GEO,Geografi,Hele landet,0,Telemark,40,Fyresdal,4032,,,4032,Fyresdal,kommune
GEO,Geografi,Hele landet,0,Telemark,40,Tokke,4034,,,4034,Tokke,kommune
GEO,Geografi,Hele landet,0,Telemark,40,Vinje,4036,,,4036,Vinje,kommune
GEO,Geografi,Hele landet,0,Agder,42,,,,,42,Agder,fylke
GEO,Geografi,Hele landet,0,Agder,42,Risør,4201,,,4201,Risør,kommune
GEO,Geografi,Hele landet,0,Agder,42,Grimstad,4202,,,4202,Grimstad,kommune
GEO,Geografi,Hele landet,0,Agder,42,Arendal,4203,,,4203,Arendal,kommune
GEO,Geografi,Hele landet,0,Agder,42,Kristiansand,4204,,,4204,Kristiansand,kommune
GEO,Geografi,Hele landet,0,Agder,42,Lindesnes,4205,,,4205,Lindesnes,kommune
GEO,Geografi,Hele landet,0,Agder,42,Farsund,4206,,,4206,Farsund,kommune
GEO,Geografi,Hele landet,0,Agder,42,Flekkefjord,4207,,,4207,Flekkefjord,kommune
GEO,Geografi,Hele landet,0,Agder,42,Gjerstad,4211,,,4211,Gjerstad,kommune
GEO,Geografi,Hele landet,0,Agder,42,Vegårshei,4212,,,4212,Vegårshei,kommune
GEO,Geografi,Hele landet,0,Agder,42,Tvedestrand,4213,,,4213,Tvedestrand,kommune
GEO,Geografi,Hele landet,0,Agder,42,Froland,4214,,,4214,Froland,kommune
GEO,Geografi,Hele landet,0,Agder,42,Lillesand,4215,,,4215,Lillesand,kommune
GEO,Geografi,Hele landet,0,Agder,42,Birkenes,4216,,,4216,Birkenes,kommune
GEO,Geografi,Hele landet,0,Agder,42,Åmli,4217,,,4217,Åmli,kommune
GEO,Geografi,Hele landet,0,Agder,42,Iveland,4218,,,4218,Iveland,kommune
GEO,Geografi,Hele landet,0,Agder,42,Evje og Hornnes,4219,,,4219,Evje og Hornnes,kommune
GEO,Geografi,Hele landet,0,Agder,42,Bygland,4220,,,4220,Bygland,kommune
GEO,Geografi,Hele landet,0,Agder,42,Valle,4221,,,4221,Valle,kommune
GEO,Geografi,Hele landet,0,Agder,42,Bykle,4222,,,4222,Bykle,kommune
GEO,Geografi,Hele landet,0,Agder,42,Vennesla,4223,,,4223,Vennesla,kommune
GEO,Geografi,Hele landet,0,Agder,42,Åseral,4224,,,4224,Åseral,kommune
GEO,Geografi,Hele landet,0,Agder,42,Lyngdal,4225,,,4225,Lyngdal,kommune
GEO,Geografi,Hele landet,0,Agder,42,Hægebostad,4226,,,4226,Hægebostad,kommune
GEO,Geografi,Hele landet,0,Agder,42,Kvinesdal,4227,,,4227,Kvinesdal,kommune
GEO,Geografi,Hele landet,0,Agder,42,Sirdal,4228,,,4228,Sirdal,kommune
GEO,Geografi,Hele landet,0,Vestland,46,,,,,46,Vestland,fylke
GEO,Geografi,Hele landet,0,Vestland,46,Bergen,4601,,,4601,Bergen,kommune
GEO,Geografi,Hele landet,0,Vestland,46,Bergen,4601,Arna bydel,460101,460101,Arna bydel,bydel
GEO,Geografi,Hele landet,0,Vestland,46,Bergen,4601,Bergenhus bydel,460102,460102,Bergenhus bydel,bydel
GEO,Geografi,Hele landet,0,Vestland,46,Bergen,4601,Fana bydel,460103,460103,Fana bydel,bydel
GEO,Geografi,Hele landet,0,Vestland,46,Bergen,4601,Fyllingsdalen bydel,460104,460104,Fyllingsdalen bydel,bydel
GEO,Geografi,Hele landet,0,Vestland,46,Bergen,4601,Laksevåg bydel,460105,460105,Laksevåg bydel,bydel
GEO,Geografi,Hele landet,0,Vestland,46,Bergen,4601,Ytrebygda bydel,460106,460106,Ytrebygda bydel,bydel
GEO,Geografi,Hele landet,0,Vestland,46,Bergen,4601,Årstad bydel,460107,460107,Årstad bydel,bydel
GEO,Geografi,Hele landet,0,Vestland,46,Bergen,4601,Åsane bydel,460108,460108,Åsane bydel,bydel
GEO,Geografi,Hele landet,0,Vestland,46,Kinn,4602,,,4602,Kinn,kommune
GEO,Geografi,Hele landet,0,Vestland,46,Etne,4611,,,4611,Etne,kommune
GEO,Geografi,Hele landet,0,Vestland,46,Sveio,4612,,,4612,Sveio,kommune
GEO,Geografi,Hele landet,0,Vestland,46,Bømlo,4613,,,4613,Bømlo,kommune
GEO,Geografi,Hele landet,0,Vestland,46,Stord,4614,,,4614,Stord,kommune
GEO,Geografi,Hele landet,0,Vestland,46,Fitjar,4615,,,4615,Fitjar,kommune
GEO,Geografi,Hele landet,0,Vestland,46,Tysnes,4616,,,4616,Tysnes,kommune
GEO,Geografi,Hele landet,0,Vestland,46,Kvinnherad,4617,,,4617,Kvinnherad,kommune
GEO,Geografi,Hele landet,0,Vestland,46,Ullensvang,4618,,,4618,Ullensvang,kommune
GEO,Geografi,Hele landet,0,Vestland,46,Eidfjord,4619,,,4619,Eidfjord,kommune
GEO,Geografi,Hele landet,0,Vestland,46,Ulvik,4620,,,4620,Ulvik,kommune
GEO,Geografi,Hele landet,0,Vestland,46,Voss,4621,,,4621,Voss,kommune
GEO,Geografi,Hele landet,0,Vestland,46,Kvam,4622,,,4622,Kvam,kommune
GEO,Geografi,Hele landet,0,Vestland,46,Samnanger,4623,,,4623,Samnanger,kommune
GEO,Geografi,Hele landet,0,Vestland,46,Bjørnafjorden,4624,,,4624,Bjørnafjorden,kommune
GEO,Geografi,Hele landet,0,Vestland,46,Austevoll,4625,,,4625,Austevoll,kommune
GEO,Geografi,Hele landet,0,Vestland,46,Øygarden,4626,,,4626,Øygarden,kommune
GEO,Geografi,Hele landet,0,Vestland,46,Askøy,4627,,,4627,Askøy,kommune
GEO,Geografi,Hele landet,0,Vestland,46,Vaksdal,4628,,,4628,Vaksdal,kommune
GEO,Geografi,Hele landet,0,Vestland,46,Modalen,4629,,,4629,Modalen,kommune
GEO,Geografi,Hele landet,0,Vestland,46,Osterøy,4630,,,4630,Osterøy,kommune
GEO,Geografi,Hele landet,0,Vestland,46,Alver,4631,,,4631,Alver,kommune
GEO,Geografi,Hele landet,0,Vestland,46,Austrheim,4632,,,4632,Austrheim,kommune
GEO,Geografi,Hele landet,0,Vestland,46,Fedje,4633,,,4633,Fedje,kommune
GEO,Geografi,Hele landet,0,Vestland,46,Masfjorden,4634,,,4634,Masfjorden,kommune
GEO,Geografi,Hele landet,0,Vestland,46,Gulen,4635,,,4635,Gulen,kommune
GEO,Geografi,Hele landet,0,Vestland,46,Solund,4636,,,4636,Solund,kommune
GEO,Geografi,Hele landet,0,Vestland,46,Hyllestad,4637,,,4637,Hyllestad,kommune
GEO,Geografi,Hele landet,0,Vestland,46,Høyanger,4638,,,4638,Høyanger,kommune
GEO,Geografi,Hele landet,0,Vestland,46,Vik,4639,,,4639,Vik,kommune
GEO,Geografi,Hele landet,0,Vestland,46,Sogndal,4640,,,4640,Sogndal,kommune
GEO,Geografi,Hele landet,0,Vestland,46,Aurland,4641,,,4641,Aurland,kommune
GEO,Geografi,Hele landet,0,Vestland,46,Lærdal,4642,,,4642,Lærdal,kommune
GEO,Geografi,Hele landet,0,Vestland,46,Årdal,4643,,,4643,Årdal,kommune
GEO,Geografi,Hele landet,0,Vestland,46,Luster,4644,,,4644,Luster,kommune
GEO,Geografi,Hele landet,0,Vestland,46,Askvoll,4645,,,4645,Askvoll,kommune
GEO,Geografi,Hele landet,0,Vestland,46,Fjaler,4646,,,4646,Fjaler,kommune
GEO,Geografi,Hele landet,0,Vestland,46,Sunnfjord,4647,,,4647,Sunnfjord,kommune
GEO,Geografi,Hele landet,0,Vestland,46,Bremanger,4648,,,4648,Bremanger,kommune
GEO,Geografi,Hele landet,0,Vestland,46,Stad,4649,,,4649,Stad,kommune
GEO,Geografi,Hele landet,0,Vestland,46,Gloppen,4650,,,4650,Gloppen,kommune
GEO,Geografi,Hele landet,0,Vestland,46,Stryn,4651,,,4651,Stryn,kommune
GEO,Geografi,Hele landet,0,Trøndelag Trööndelage,50,,,,,50,Trøndelag Trööndelage,fylke
GEO,Geografi,Hele landet,0,Trøndelag Trööndelage,50,Trondheim Tråante,5001,,,5001,Trondheim Tråante,kommune
GEO,Geografi,Hele landet,0,Trøndelag Trööndelage,50,Trondheim Tråante,5001,Midtbyen bydel,500101,500101,Midtbyen bydel,bydel
GEO,Geografi,Hele landet,0,Trøndelag Trööndelage,50,Trondheim Tråante,5001,Østbyen bydel,500102,500102,Østbyen bydel,bydel
GEO,Geografi,Hele landet,0,Trøndelag Trööndelage,50,Trondheim Tråante,5001,Lerkendal bydel,500103,500103,Lerkendal bydel,bydel
GEO,Geografi,Hele landet,0,Trøndelag Trööndelage,50,Trondheim Tråante,5001,Heimdal bydel,500104,500104,Heimdal bydel,bydel
GEO,Geografi,Hele landet,0,Trøndelag Trööndelage,50,Steinkjer,5006,,,5006,Steinkjer,kommune
GEO,Geografi,Hele landet,0,Trøndelag Trööndelage,50,Namsos Nåavmesjenjaelmie,5007,,,5007,Namsos Nåavmesjenjaelmie,kommune
GEO,Geografi,Hele landet,0,Trøndelag Trööndelage,50,Frøya,5014,,,5014,Frøya,kommune
GEO,Geografi,Hele landet,0,Trøndelag Trööndelage,50,Osen,5020,,,5020,Osen,kommune
GEO,Geografi,Hele landet,0,Trøndelag Trööndelage,50,Oppdal,5021,,,5021,Oppdal,kommune
GEO,Geografi,Hele landet,0,Trøndelag Trööndelage,50,Rennebu,5022,,,5022,Rennebu,kommune
GEO,Geografi,Hele landet,0,Trøndelag Trööndelage,50,Røros Rossen,5025,,,5025,Røros Rossen,kommune
GEO,Geografi,Hele landet,0,Trøndelag Trööndelage,50,Holtålen,5026,,,5026,Holtålen,kommune
GEO,Geografi,Hele landet,0,Trøndelag Trööndelage,50,Midtre Gauldal,5027,,,5027,Midtre Gauldal,kommune
GEO,Geografi,Hele landet,0,Trøndelag Trööndelage,50,Melhus,5028,,,5028,Melhus,kommune
GEO,Geografi,Hele landet,0,Trøndelag Trööndelage,50,Skaun,5029,,,5029,Skaun,kommune
GEO,Geografi,Hele landet,0,Trøndelag Trööndelage,50,Malvik,5031,,,5031,Malvik,kommune
GEO,Geografi,Hele landet,0,Trøndelag Trööndelage,50,Selbu,5032,,,5032,Selbu,kommune
GEO,Geografi,Hele landet,0,Trøndelag Trööndelage,50,Tydal,5033,,,5033,Tydal,kommune
GEO,Geografi,Hele landet,0,Trøndelag Trööndelage,50,Meråker,5034,,,5034,Meråker,kommune
GEO,Geografi,Hele landet,0,Trøndelag Trööndelage,50,Stjørdal,5035,,,5035,Stjørdal,kommune
GEO,Geografi,Hele landet,0,Trøndelag Trööndelage,50,Frosta,5036,,,5036,Frosta,kommune
GEO,Geografi,Hele landet,0,Trøndelag Trööndelage,50,Levanger,5037,,,5037,Levanger,kommune
GEO,Geografi,Hele landet,0,Trøndelag Trööndelage,50,Verdal,5038,,,5038,Verdal,kommune
GEO,Geografi,Hele landet,0,Trøndelag Trööndelage,50,Snåase Snåsa,5041,,,5041,Snåase Snåsa,kommune
GEO,Geografi,Hele landet,0,Trøndelag Trööndelage,50,Lierne,5042,,,5042,Lierne,kommune
GEO,Geografi,Hele landet,0,Trøndelag Trööndelage,50,Raarvihke Røyrvik,5043,,,5043,Raarvihke Røyrvik,kommune
GEO,Geografi,Hele landet,0,Trøndelag Trööndelage,50,Namsskogan,5044,,,5044,Namsskogan,kommune
GEO,Geografi,Hele landet,0,Trøndelag Trööndelage,50,Grong,5045,,,5045,Grong,kommune
GEO,Geografi,Hele landet,0,Trøndelag Trööndelage,50,Høylandet,5046,,,5046,Høylandet,kommune
GEO,Geografi,Hele landet,0,Trøndelag Trööndelage,50,Overhalla,5047,,,5047,Overhalla,kommune
GEO,Geografi,Hele landet,0,Trøndelag Trööndelage,50,Flatanger,5049,,,5049,Flatanger,kommune
GEO,Geografi,Hele landet,0,Trøndelag Trööndelage,50,Leka,5052,,,5052,Leka,kommune
GEO,Geografi,Hele landet,0,Trøndelag Trööndelage,50,Inderøy,5053,,,5053,Inderøy,kommune
GEO,Geografi,Hele landet,0,Trøndelag Trööndelage,50,Indre Fosen,5054,,,5054,Indre Fosen,kommune
GEO,Geografi,Hele landet,0,Trøndelag Trööndelage,50,Heim,5055,,,5055,Heim,kommune
GEO,Geografi,Hele landet,0,Trøndelag Trööndelage,50,Hitra,5056,,,5056,Hitra,kommune
GEO,Geografi,Hele landet,0,Trøndelag Trööndelage,50,Ørland,5057,,,5057,Ørland,kommune
GEO,Geografi,Hele landet,0,Trøndelag Trööndelage,50,Åfjord,5058,,,5058,Åfjord,kommune
GEO,Geografi,Hele landet,0,Trøndelag Trööndelage,50,Orkland,5059,,,5059,Orkland,kommune
GEO,Geografi,Hele landet,0,Trøndelag Trööndelage,50,Nærøysund,5060,,,5060,Nærøysund,kommune
GEO,Geografi,Hele landet,0,Trøndelag Trööndelage,50,Rindal,5061,,,5061,Rindal,kommune
GEO,Geografi,Hele landet,0,Troms Romsa Tromssa,55,,,,,55,Troms Romsa Tromssa,fylke
GEO,Geografi,Hele landet,0,Troms Romsa Tromssa,55,Tromsø,5501,,,5501,Tromsø,kommune
GEO,Geografi,Hele landet,0,Troms Romsa Tromssa,55,Harstad Hárstták,5503,,,5503,Harstad Hárstták,kommune
GEO,Geografi,Hele landet,0,Troms Romsa Tromssa,55,Kvæfjord,5510,,,5510,Kvæfjord,kommune
GEO,Geografi,Hele landet,0,Troms Romsa Tromssa,55,Dielddanuorri Tjeldsund,5512,,,5512,Dielddanuorri Tjeldsund,kommune
GEO,Geografi,Hele landet,0,Troms Romsa Tromssa,55,Ibestad,5514,,,5514,Ibestad,kommune
GEO,Geografi,Hele landet,0,Troms Romsa Tromssa,55,Gratangen,5516,,,5516,Gratangen,kommune
GEO,Geografi,Hele landet,0,Troms Romsa Tromssa,55,Loabák Lavangen,5518,,,5518,Loabák Lavangen,kommune
GEO,Geografi,Hele landet,0,Troms Romsa Tromssa,55,Bardu,5520,,,5520,Bardu,kommune
GEO,Geografi,Hele landet,0,Troms Romsa Tromssa,55,Salangen,5522,,,5522,Salangen,kommune
GEO,Geografi,Hele landet,0,Troms Romsa Tromssa,55,Målselv,5524,,,5524,Målselv,kommune
GEO,Geografi,Hele landet,0,Troms Romsa Tromssa,55,Sørreisa,5526,,,5526,Sørreisa,kommune
GEO,Geografi,Hele landet,0,Troms Romsa Tromssa,55,Dyrøy,5528,,,5528,Dyrøy,kommune
GEO,Geografi,Hele landet,0,Troms Romsa Tromssa,55,Senja,5530,,,5530,Senja,kommune
GEO,Geografi,Hele landet,0,Troms Romsa Tromssa,55,Balsfjord,5532,,,5532,Balsfjord,kommune
GEO,Geografi,Hele landet,0,Troms Romsa Tromssa,55,Karlsøy,5534,,,5534,Karlsøy,kommune
GEO,Geografi,Hele landet,0,Troms Romsa Tromssa,55,Lyngen,5536,,,5536,Lyngen,kommune
GEO,Geografi,Hele landet,0,Troms Romsa Tromssa,55,Storfjord Omasvuotna Omasvuono,5538,,,5538,Storfjord Omasvuotna Omasvuono,kommune
GEO,Geografi,Hele landet,0,Troms Romsa Tromssa,55,Gáivuotna Kåfjord Kaivuono,5540,,,5540,Gáivuotna Kåfjord Kaivuono,kommune
GEO,Geografi,Hele landet,0,Troms Romsa Tromssa,55,Skjervøy,5542,,,5542,Skjervøy,kommune
GEO,Geografi,Hele landet,0,Troms Romsa Tromssa,55,Nordreisa Ráisa Raisi,5544,,,5544,Nordreisa Ráisa Raisi,kommune
GEO,Geografi,Hele landet,0,Troms Romsa Tromssa,55,Kvænangen,5546,,,5546,Kvænangen,kommune
GEO,Geografi,Hele landet,0,Finnmark Finnmárku Finmarkku,56,,,,,56,Finnmark Finnmárku Finmarkku,fylke
GEO,Geografi,Hele landet,0,Finnmark Finnmárku Finmarkku,56,Alta,5601,,,5601,Alta,kommune
GEO,Geografi,Hele landet,0,Finnmark Finnmárku Finmarkku,56,Hammerfest Hámmerfeasta,5603,,,5603,Hammerfest Hámmerfeasta,kommune
GEO,Geografi,Hele landet,0,Finnmark Finnmárku Finmarkku,56,Sør-Varanger,5605,,,5605,Sør-Varanger,kommune
GEO,Geografi,Hele landet,0,Finnmark Finnmárku Finmarkku,56,Vadsø,5607,,,5607,Vadsø,kommune
GEO,Geografi,Hele landet,0,Finnmark Finnmárku Finmarkku,56,Kárášjohka Karasjok,5610,,,5610,Kárášjohka Karasjok,kommune
GEO,Geografi,Hele landet,0,Finnmark Finnmárku Finmarkku,56,Guovdageaidnu Kautokeino,5612,,,5612,Guovdageaidnu Kautokeino,kommune
GEO,Geografi,Hele landet,0,Finnmark Finnmárku Finmarkku,56,Loppa,5614,,,5614,Loppa,kommune
GEO,Geografi,Hele landet,0,Finnmark Finnmárku Finmarkku,56,Hasvik,5616,,,5616,Hasvik,kommune
GEO,Geografi,Hele landet,0,Finnmark Finnmárku Finmarkku,56,Måsøy,5618,,,5618,Måsøy,kommune
GEO,Geografi,Hele landet,0,Finnmark Finnmárku Finmarkku,56,Nordkapp,5620,,,5620,Nordkapp,kommune
GEO,Geografi,Hele landet,0,Finnmark Finnmárku Finmarkku,56,Porsanger Porsángu Porsanki,5622,,,5622,Porsanger Porsángu Porsanki,kommune
GEO,Geografi,Hele landet,0,Finnmark Finnmárku Finmarkku,56,Lebesby,5624,,,5624,Lebesby,kommune
GEO,Geografi,Hele landet,0,Finnmark Finnmárku Finmarkku,56,Gamvik,5626,,,5626,Gamvik,kommune
GEO,Geografi,Hele landet,0,Finnmark Finnmárku Finmarkku,56,Deatnu Tana,5628,,,5628,Deatnu Tana,kommune
GEO,Geografi,Hele landet,0,Finnmark Finnmárku Finmarkku,56,Berlevåg,5630,,,5630,Berlevåg,kommune
GEO,Geografi,Hele landet,0,Finnmark Finnmárku Finmarkku,56,Båtsfjord,5632,,,5632,Båtsfjord,kommune
GEO,Geografi,Hele landet,0,Finnmark Finnmárku Finmarkku,56,Vardø,5634,,,5634,Vardø,kommune
GEO,Geografi,Hele landet,0,Finnmark Finnmárku Finmarkku,56,Unjárga Nesseby,5636,,,5636,Unjárga Nesseby,kommune
